Bactera_f	rs10751768	rs11587434	rs2311859	rs3813795	rs6674129	rs6684903	rs7530353	rs10495786	rs116947984	rs3927971	rs6546191	rs72819762	rs73974034	rs10049135	rs1143671	rs1447826	rs17051772	rs17849995	rs55639070	rs62264176
f__Bifidobacteriaceae	-0.4031	-0.8266	0.4336	-0.3942	-0.4912	-0.7759	-0.5689	0.5655	-0.8763	0.5837	0.6438	-0.6734	-0.6729999999999999	-0.6182	-0.4206	0.5528	-0.2908	-0.5026	-0.5384	-0.6027
f__Desulfovibrionaceae	-0.7356	-0.4304	0.5326	-0.5066	-0.4855	-0.8558	-0.6662	0.6322	-0.888	0.6593	0.4191	-0.8438	-0.4692	-0.6833	-0.6099	0.4604	-0.4417	-0.6483	-0.8037	-0.7593
f__Methylophilaceae	-0.1603	-0.18	0.1171	-0.1048	-0.1265	-0.1826	-0.1489	0.126	-0.1944	0.1201	0.07718	-0.1618	-0.1841	-0.1342	-0.08158	0.1218	-0.1179	-0.08868	-0.09664	-0.1573
f__Prevotellaceae	-0.09671	-0.2432	0.341	-0.149	-0.4839	-0.3775	-0.07961	0.1736	-0.2464	0.2079	0.5623	-0.2318	-0.5299	-0.4732	-0.2339	0.1842	-0.4031	0.01685	0.225	0.1424
f__Lachnospiraceae	-1.531	-2.8930000000000002	2.023	-1.976	-2.109	-2.798	-2.878	2.31	-3.04	1.876	2.286	-2.5780000000000003	-3.431	-2.378	-2.417	2.4130000000000003	-2.219	-2.4	-2.842	-2.436
f__Porphyromonadaceae	-1.093	-1.412	0.8806	-0.9821	-0.9626	-1.14	-1.057	1.0390000000000001	-1.228	0.9474	1.163	-1.425	-1.274	-0.9263	-1.099	0.8562	-0.9227	-1.111	-1.169	-1.217
f__Rhizobiaceae	-0.1827	-0.2028	0.1007	-0.1604	-0.1138	-0.2093	-0.1895	0.1173	-0.1909	0.1006	0.04181	-0.1384	-0.2786	-0.1645	-0.05697000000000001	0.24	-0.1093	-0.08800000000000001	-0.09965	-0.2083
f__Rhodobacteraceae	-0.2052	-0.1312	0.1164	-0.1002	-0.11900000000000001	-0.2342	-0.1262	0.1199	-0.2496	0.1589	0.1557	-0.2077	-0.1068	-0.11699999999999999	-0.1616	0.1083	-0.1041	-0.1633	-0.1895	-0.2018
f__Micrococcaceae	-0.9457	-0.9025	0.6062	-0.5357	-0.6574	-1.209	-0.8165	0.7055	-1.368	0.8242	0.7373	-1.048	-0.8651	-0.7636	-0.7613	0.6419	-0.6478	-0.7387	-0.8172	-0.8889
f__Sphingomonadaceae	-0.1746	-0.09404	0.06415	-0.08064	-0.05414	-0.1982	-0.09679	0.09477999999999999	-0.2102	0.1318	0.1313	-0.175	-0.1992	-0.1472	-0.1384	0.08475	-0.1287	-0.1388	-0.09921	-0.1706
f__Oxalobacteraceae	-0.6469	-0.7552	0.4022	-0.39399999999999996	-0.5008	-0.7072	-0.5522	0.501	-0.8323	0.5487	0.6149	-0.7190000000000001	-0.8877	-0.5317	-0.4568	0.5920000000000001	-0.6289	-0.4801	-0.4142	-0.6157
f__Streptococcaceae	-0.8801	-0.9640000000000001	0.4186	-0.5461	-0.6615	-0.9856	-0.8101	0.561	-1.101	0.688	0.6478	-0.7817	-0.8572	-0.7115	-0.6682	0.7626	-0.5215	-0.6313	-0.7879999999999999	-0.7609999999999999
f__Clostridiaceae	-2.135	-2.483	1.178	-1.111	-1.319	-2.6	-1.794	1.715	-2.362	1.9169999999999998	1.4280000000000002	-2.07	-2.991	-1.598	-1.686	1.5319999999999998	-1.47	-1.7380000000000002	-1.739	-2.263
f__Gemmataceae	-0.3449	-0.2871	0.2035	-0.1857	-0.2169	-0.3977	-0.2522	0.2289	-0.428	0.2798	0.2098	-0.3557	-0.2669	-0.2246	-0.2682	0.2101	-0.2027	-0.275	-0.312	-0.2673
f__Ruminococcaceae	-0.5397	-1.475	1.347	-1.165	-1.337	-1.869	-2.293	1.699	-0.6418	1.59	1.385	-2.162	-3.74	-2.013	-1.386	1.484	-2.198	-1.068	-0.8729	-1.527
f__Moraxellaceae	-0.9323	-0.9625	0.5787	-0.5651	-0.6236	-1.075	-0.8023	0.6965	-1.157	0.7494	0.6197	-0.9616	-1.091	-0.7621	-0.6232	0.6568	-0.6816	-0.6554	-0.664	-0.9276
f__[Barnesiellaceae]	-0.3058	-0.589	0.4148	-0.285	-0.4562	-0.5173	-0.5684	0.3926	-0.851	0.4319	0.5379	-0.4965	-0.6456	-0.4923	-0.4403	0.3176	-0.4584	-0.4231	-0.4128	-0.5957
f__Methanobacteriaceae	-0.2204	-0.2406	0.1123	-0.1496	-0.1003	-0.2447	-0.2048	0.258	-0.2544	0.2813	0.1599	-0.2122	-0.2429	-0.1934	-0.1791	0.1698	-0.1642	-0.1743	-0.2141	-0.2101
f__Bacillaceae	-0.2805	0.047080000000000004	-0.04743	-0.1546	-0.01949	-0.1439	-0.1688	0.055889999999999995	-0.3037	0.09685	0.1333	0.007709000000000001	-0.33299999999999996	-0.3153	-0.1333	0.2015	-0.2335	-0.07835	0.007495999999999999	-0.2027
f__Erysipelotrichaceae	-1.607	-2.476	1.2	-1.3719999999999999	-1.56	-1.597	-2.244	1.609	-2.025	1.379	1.531	-1.9080000000000001	-2.572	-1.7380000000000002	-1.709	1.581	-1.5430000000000001	-1.764	-1.973	-2.103
f__Bacteroidaceae	-0.9259	-0.7076	0.6267	-0.659	-0.7290000000000001	-0.8719	-0.7893	0.6225	-0.9929	0.7576	0.6061	-0.9096	-0.9726	-0.9271	-0.7567	0.7363	-0.8183	-0.7626	-0.6357	-0.7015
f__Neisseriaceae	-0.5539	-0.6229	0.3687	-0.3712	-0.4748	-0.7120000000000001	-0.529	0.4998	-0.7408	0.5281	0.5123	-0.6681	-0.8867	-0.5468	-0.5163	0.4585	-0.5546	-0.4279	-0.4507	-0.4838
f__Eubacteriaceae	-0.35100000000000003	-0.1898	0.07307000000000001	-0.1422	-0.1062	-0.3699	-0.1606	0.133	-0.2385	0.2181	0.1168	-0.2663	-0.3379	-0.2998	-0.2671	0.1612	-0.1409	-0.271	-0.2664	-0.2726
f__[Tissierellaceae]	-1.294	-1.271	0.7862	-0.7476	-0.8629	-1.504	-1.063	0.9385	-1.63	1.087	1.012	-1.354	-1.256	-0.9242	-0.9964	0.8701	-0.8416	-1.034	-1.1520000000000001	-1.2990000000000002
f__Aerococcaceae	-0.6962	-0.7987	0.4211	-0.4601	-0.5311	-0.8259	-0.6548	0.5328	-1.056	0.5759	0.5707	-0.7125	-0.7057	-0.5453	-0.5494	0.6084	-0.4905	-0.5262	-0.6529	-0.6559
f__Actinomycetaceae	-0.6853	-0.4681	0.3238	-0.3078	-0.389	-0.6131	-0.5099	0.4124	-0.9436	0.4726	0.5245	-0.5028	-0.46	-0.5613	-0.5219	0.3833	-0.3437	-0.5017	-0.5505	-0.6185
f__Synergistaceae	-0.07694	-0.1759	0.1178	-0.1038	-0.1263	-0.1786	-0.1463	0.08417999999999999	-0.1893	0.1183	0.1183	-0.1575	-0.1795	-0.08177999999999999	-0.125	0.12	-0.1162	-0.1252	-0.1474	-0.1537
f__Peptostreptococcaceae	-1.629	-1.651	0.7265	-0.995	-1.004	-1.72	-1.341	1.101	-1.7919999999999998	1.389	1.364	-1.565	-2.0780000000000003	-1.3980000000000001	-1.3259999999999998	1.061	-1.291	-1.1640000000000001	-0.983	-1.308
f__Planococcaceae	-0.1613	-0.2917	0.1629	-0.1332	-0.1465	-0.2689	-0.2631	0.1877	-0.2653	0.1946	0.2118	-0.2634	-0.2573	-0.1141	-0.1616	0.223	-0.2148	-0.1785	-0.1945	-0.2697
f__[Paraprevotellaceae]	-0.7767	-0.9739	0.6018	-0.5205	-0.7015	-1.067	-0.7992	0.6243	-1.138	0.7928	0.8118	-0.9466	-1.077	-0.7807	-0.7368	0.6731	-0.6364	-0.7075	-0.6962	-0.7847
f__Sphingobacteriaceae	-0.1286	-0.1423	0.0998	-0.08577	-0.1059	-0.1445	-0.1195	0.1004	-0.152	0.08926	0.043989999999999994	-0.1266	-0.1445	-0.1104	-0.05101	0.09844	-0.09526	-0.056979999999999996	-0.06207000000000001	-0.1243
f__Coriobacteriaceae	-1.9080000000000001	-2.2569999999999997	1.485	-1.589	-1.825	-2.57	-2.594	1.936	-2.565	1.984	1.9909999999999999	-2.4	-3.423	-2.218	-2.151	1.829	-2.033	-2.076	-2.209	-2.447
f__S24-7	-0.036739999999999995	-0.1387	0.1	-0.0847	-0.1054	-0.1409	-0.1171	0.054560000000000004	-0.1475	0.0887	0.09252	-0.1229	-0.1405	-0.05235	-0.1016	0.09676	-0.0936	-0.09986	-0.1209	-0.1211
f__Rs-045	-0.1725	-0.09104	0.06258999999999999	-0.07917	-0.05227999999999999	-0.1956	-0.09449	0.09287000000000001	-0.2074	0.1299	0.1296	-0.1726	-0.1966	-0.1456	-0.1368	0.08294	-0.1272	-0.1371	-0.09709	-0.1684
f__Rikenellaceae	-0.5221	-0.6579	0.3801	-0.3795	-0.4594	-0.3067	-1.281	0.6301	-0.2961	0.6904	0.7525	-0.8378	-1.0270000000000001	-0.6889	-0.3258	0.4734	-0.7587	-0.4876	-0.5856	-0.9748
f__Leuconostocaceae	-1.06	-1.4	0.7086	-0.7491	-0.9845	-1.0290000000000001	-1.239	0.8351	-1.4869999999999999	0.9659	1.111	-1.042	-1.246	-0.9155	-0.9694	0.8107	-0.8529	-0.8985	-1.02	-0.9639
f__Comamonadaceae	-0.3672	-0.5186	0.3234	-0.2962	-0.353	-0.526	-0.4256	0.3171	-0.5636	0.3613	0.3128	-0.4686	-0.5323	-0.3201	-0.3195	0.3468	-0.3359	-0.3314	-0.3736	-0.4535
f__Geodermatophilaceae	-0.2405	-0.1797	0.1395	-0.1242	-0.146	-0.276	-0.1635	0.1512	-0.2958	0.1912	0.1843	-0.24600000000000002	-0.1592	-0.14800000000000002	-0.1881	0.1379	-0.1328	-0.1916	-0.2196	-0.23800000000000002
f__Xenococcaceae	-0.1613	-0.07081	0.08771	-0.0703	-0.08536	-0.182	-0.07973	0.08095	-0.1921	0.1187	0.1202	-0.16	-0.041639999999999996	-0.07837000000000001	-0.1287	0.07152	-0.06831	-0.128	-0.1521	-0.1566
f__Xanthomonadaceae	-1.526	-1.554	0.9166	-0.9022	-1.001	-1.7719999999999998	-1.29	1.13	-1.919	1.274	1.148	-1.594	-1.6880000000000002	-1.18	-1.131	1.054	-1.069	-1.18	-1.2429999999999999	-1.531
f__Alcaligenaceae	-0.4742	-0.5369	0.2485	-0.3063	-0.3298	-0.4457	-0.4404	0.3805	-0.5837	0.3253	0.3636	-0.4163	-0.5512	-0.3909	-0.3256	0.4051	-0.3087	-0.3388	-0.3806	-0.4695
f__Lactobacillaceae	-2.739	-2.713	1.472	-1.5630000000000002	-1.7309999999999999	-3.181	-2.221	1.973	-3.464	2.403	2.205	-2.6860000000000004	-2.975	-2.3209999999999997	-1.992	1.903	-1.882	-2.066	-2.176	-2.813
f__Pseudomonadaceae	-0.1907	-0.2054	0.1633	-0.1316	-0.1686	-0.2091	-0.1772	0.1471	-0.2149	0.1137	0.018330000000000003	-0.1795	-0.2061	-0.1709	-0.03784	0.1478	-0.1429	-0.04743	-0.05156	-0.1792
f__Caulobacteraceae	-0.5077	-0.4786	0.2647	-0.2378	-0.2713	-0.5837	-0.3545	0.3254	-0.6265	0.4065	0.3451	-0.5208	-0.5913	-0.326	-0.3962	0.2975	-0.3323	-0.4046	-0.348	-0.5034
f__Pasteurellaceae	0.06974	0.1601	-0.06602999999999999	-0.0116	-0.004224	0.1298	0.024630000000000003	-0.004877	0.2611	-0.06589	0.033960000000000004	0.04314	-0.02461	0.00824	0.08523	0.03936	-0.1099	0.182	0.1917	0.1485
f__Enterobacteriaceae	-0.7857	-0.7751	0.3644	-0.3217	-0.3967	-0.8174	-0.4622	0.5138	-0.8014	0.5614	0.3729	-0.6249	-0.361	-0.364	-0.4612	0.3487	-0.2748	-0.5264	-0.7246	-0.7172
f__[Odoribacteraceae]	0.0197	-0.08346	0.02453	-0.02513	-0.02026	-0.043089999999999996	-0.2604	0.08076	-0.01602	0.1241	0.1286	-0.2009	-0.2066	-0.07365	-0.1505	0.06055	-0.1953	-0.1475	-0.1458	-0.17300000000000001
f__Verrucomicrobiaceae	-0.3818	-0.4216	0.2249	-0.2208	-0.2133	-0.5253	-0.355	0.3235	-0.4156	0.3863	0.2336	-0.4632	-0.5277	-0.2391	-0.3159	0.265	-0.342	-0.3231	-0.3737	-0.4522
f__Veillonellaceae	-1.3769999999999998	-1.895	1.054	-0.8998	-1.2009999999999998	-2.045	-1.178	1.075	-2.134	1.193	1.072	-1.393	-1.97	-1.089	-1.045	1.226	-1.158	-1.129	-1.11	-1.5919999999999999
